date,visits
2024-01-01,100
2024-01-02,101
2024-01-03,102
2024-01-04,103
2024-01-05,104
2024-01-06,105
2024-01-07,106
2024-01-08,107
2024-01-09,108
2024-01-10,109
2024-01-11,110
2024-01-12,111
2024-01-13,112
2024-01-14,113
2024-01-15,114
2024-01-16,115
2024-01-17,116
2024-01-18,117
2024-01-19,118
2024-01-20,119
2024-01-21,120
2024-01-22,121
2024-01-23,122
2024-01-24,123
2024-01-25,124
2024-01-26,125
2024-01-27,126
2024-01-28,127
2024-01-01,128
2024-01-02,129
2024-01-03,130
2024-01-04,131
2024-01-05,132
2024-01-06,133
2024-01-07,134
2024-01-08,135
2024-01-09,136
2024-01-10,137
2024-01-11,138
2024-01-12,139
2024-01-13,140
2024-01-14,141
2024-01-15,142
2024-01-16,143
2024-01-17,144
2024-01-18,145
2024-01-19,146
2024-01-20,147
2024-01-21,148
2024-01-22,149
2024-01-23,100
2024-01-24,101
2024-01-25,102
2024-01-26,103
2024-01-27,104
2024-01-28,105
2024-01-01,106
2024-01-02,107
2024-01-03,108
2024-01-04,109
2024-01-05,110
2024-01-06,111
2024-01-07,112
2024-01-08,113
2024-01-09,114
2024-01-10,115
2024-01-11,116
2024-01-12,117
2024-01-13,118
2024-01-14,119
2024-01-15,120
2024-01-16,121
2024-01-17,122
2024-01-18,123
2024-01-19,124
2024-01-20,125
2024-01-21,126
2024-01-22,127
2024-01-23,128
2024-01-24,129
2024-01-25,130
2024-01-26,131
2024-01-27,132
2024-01-28,133
2024-01-01,134
2024-01-02,135
2024-01-03,136
2024-01-04,137
2024-01-05,138
2024-01-06,139
2024-01-07,140
2024-01-08,141
2024-01-09,142
2024-01-10,143
2024-01-11,144
2024-01-12,145
2024-01-13,146
2024-01-14,147
2024-01-15,148
2024-01-16,149
2024-01-17,100
2024-01-18,101
2024-01-19,102
2024-01-20,103
2024-01-21,104
2024-01-22,105
2024-01-23,106
2024-01-24,107
2024-01-25,108
2024-01-26,109
2024-01-27,110
2024-01-28,111
2024-01-01,112
2024-01-02,113
2024-01-03,114
2024-01-04,115
2024-01-05,116
2024-01-06,117
2024-01-07,118
2024-01-08,119
2024-01-09,120
2024-01-10,121
2024-01-11,122
2024-01-12,123
2024-01-13,124
2024-01-14,125
2024-01-15,126
2024-01-16,127
2024-01-17,128
2024-01-18,129
2024-01-19,130
2024-01-20,131
2024-01-21,132
2024-01-22,133
2024-01-23,134
2024-01-24,135
2024-01-25,136
2024-01-26,137
2024-01-27,138
2024-01-28,139
2024-01-01,140
2024-01-02,141
2024-01-03,142
2024-01-04,143
2024-01-05,144
2024-01-06,145
2024-01-07,146
2024-01-08,147
2024-01-09,148
2024-01-10,149
2024-01-11,100
2024-01-12,101
2024-01-13,102
2024-01-14,103
2024-01-15,104
2024-01-16,105
2024-01-17,106
2024-01-18,107
2024-01-19,108
2024-01-20,109
2024-01-21,110
2024-01-22,111
2024-01-23,112
2024-01-24,113
2024-01-25,114
2024-01-26,115
2024-01-27,116
2024-01-28,117
2024-01-01,118
2024-01-02,119
2024-01-03,120
2024-01-04,121
2024-01-05,122
2024-01-06,123
2024-01-07,124
2024-01-08,125
2024-01-09,126
2024-01-10,127
2024-01-11,128
2024-01-12,129
2024-01-13,130
2024-01-14,131
2024-01-15,132
2024-01-16,133
2024-01-17,134
2024-01-18,135
2024-01-19,136
2024-01-20,137
2024-01-21,138
2024-01-22,139
2024-01-23,140
2024-01-24,141
2024-01-25,142
2024-01-26,143
2024-01-27,144
2024-01-28,145
2024-01-01,146
2024-01-02,147
2024-01-03,148
2024-01-04,149
2024-01-05,100
2024-01-06,101
2024-01-07,102
2024-01-08,103
2024-01-09,104
2024-01-10,105
2024-01-11,106
2024-01-12,107
2024-01-13,108
2024-01-14,109
2024-01-15,110
2024-01-16,111
2024-01-17,112
2024-01-18,113
2024-01-19,114
2024-01-20,115
2024-01-21,116
2024-01-22,117
2024-01-23,118
2024-01-24,119
2024-01-25,120
2024-01-26,121
2024-01-27,122
2024-01-28,123
2024-01-01,124
2024-01-02,125
2024-01-03,126
2024-01-04,127
2024-01-05,128
2024-01-06,129
2024-01-07,130
2024-01-08,131
2024-01-09,132
2024-01-10,133
2024-01-11,134
2024-01-12,135
2024-01-13,136
2024-01-14,137
2024-01-15,138
2024-01-16,139
2024-01-17,140
2024-01-18,141
2024-01-19,142
2024-01-20,143
2024-01-21,144
2024-01-22,145
2024-01-23,146
2024-01-24,147
2024-01-25,148
2024-01-26,149
2024-01-27,100
2024-01-28,101
2024-01-01,102
2024-01-02,103
2024-01-03,104
2024-01-04,105
2024-01-05,106
2024-01-06,107
2024-01-07,108
2024-01-08,109
2024-01-09,110
2024-01-10,111
2024-01-11,112
2024-01-12,113
2024-01-13,114
2024-01-14,115
2024-01-15,116
2024-01-16,117
2024-01-17,118
2024-01-18,119
2024-01-19,120
2024-01-20,121
2024-01-21,122
2024-01-22,123
2024-01-23,124
2024-01-24,125
2024-01-25,126
2024-01-26,127
2024-01-27,128
2024-01-28,129
2024-01-01,130
2024-01-02,131
2024-01-03,132
2024-01-04,133
2024-01-05,134
2024-01-06,135
2024-01-07,136
2024-01-08,137
2024-01-09,138
2024-01-10,139
2024-01-11,140
2024-01-12,141
2024-01-13,142
2024-01-14,143
2024-01-15,144
2024-01-16,145
2024-01-17,146
2024-01-18,147
2024-01-19,148
2024-01-20,149
2024-01-21,100
2024-01-22,101
2024-01-23,102
2024-01-24,103
2024-01-25,104
2024-01-26,105
2024-01-27,106
2024-01-28,107
2024-01-01,108
2024-01-02,109
2024-01-03,110
2024-01-04,111
2024-01-05,112
2024-01-06,113
2024-01-07,114
2024-01-08,115
2024-01-09,116
2024-01-10,117
2024-01-11,118
2024-01-12,119
2024-01-13,120
2024-01-14,121
2024-01-15,122
2024-01-16,123
2024-01-17,124
2024-01-18,125
2024-01-19,126
2024-01-20,127
2024-01-21,128
2024-01-22,129
2024-01-23,130
2024-01-24,131
2024-01-25,132
2024-01-26,133
2024-01-27,134
2024-01-28,135
2024-01-01,136
2024-01-02,137
2024-01-03,138
2024-01-04,139
2024-01-05,140
2024-01-06,141
2024-01-07,142
2024-01-08,143
2024-01-09,144
2024-01-10,145
2024-01-11,146
2024-01-12,147
2024-01-13,148
2024-01-14,149
2024-01-15,100
2024-01-16,101
2024-01-17,102
2024-01-18,103
2024-01-19,104
2024-01-20,105
2024-01-21,106
2024-01-22,107
2024-01-23,108
2024-01-24,109
2024-01-25,110
2024-01-26,111
2024-01-27,112
2024-01-28,113
2024-01-01,114
2024-01-02,115
2024-01-03,116
2024-01-04,117
2024-01-05,118
2024-01-06,119
2024-01-07,120
2024-01-08,121
2024-01-09,122
2024-01-10,123
2024-01-11,124
2024-01-12,125
2024-01-13,126
2024-01-14,127
2024-01-15,128
2024-01-16,129
2024-01-17,130
2024-01-18,131
2024-01-19,132
2024-01-20,133
2024-01-21,134
2024-01-22,135
2024-01-23,136
2024-01-24,137
2024-01-25,138
2024-01-26,139
2024-01-27,140
2024-01-28,141
2024-01-01,142
2024-01-02,143
2024-01-03,144
2024-01-04,145
2024-01-05,146
2024-01-06,147
2024-01-07,148
2024-01-08,149
2024-01-09,100
2024-01-10,101
2024-01-11,102
2024-01-12,103
2024-01-13,104
2024-01-14,105
2024-01-15,106
2024-01-16,107
2024-01-17,108
2024-01-18,109
2024-01-19,110
2024-01-20,111
2024-01-21,112
2024-01-22,113
2024-01-23,114
2024-01-24,115
2024-01-25,116
2024-01-26,117
2024-01-27,118
2024-01-28,119
2024-01-01,120
2024-01-02,121
2024-01-03,122
2024-01-04,123
2024-01-05,124
2024-01-06,125
2024-01-07,126
2024-01-08,127
2024-01-09,128
2024-01-10,129
2024-01-11,130
2024-01-12,131
2024-01-13,132
2024-01-14,133
2024-01-15,134
2024-01-16,135
2024-01-17,136
2024-01-18,137
2024-01-19,138
2024-01-20,139
2024-01-21,140
2024-01-22,141
2024-01-23,142
2024-01-24,143
2024-01-25,144
2024-01-26,145
2024-01-27,146
2024-01-28,147
2024-01-01,148
2024-01-02,149
2024-01-03,100
2024-01-04,101
2024-01-05,102
2024-01-06,103
2024-01-07,104
2024-01-08,105
2024-01-09,106
2024-01-10,107
2024-01-11,108
2024-01-12,109
2024-01-13,110
2024-01-14,111
2024-01-15,112
2024-01-16,113
2024-01-17,114
2024-01-18,115
2024-01-19,116
2024-01-20,117
2024-01-21,118
2024-01-22,119
2024-01-23,120
2024-01-24,121
2024-01-25,122
2024-01-26,123
2024-01-27,124
2024-01-28,125
2024-01-01,126
2024-01-02,127
2024-01-03,128
2024-01-04,129
2024-01-05,130
2024-01-06,131
2024-01-07,132
2024-01-08,133
2024-01-09,134
2024-01-10,135
2024-01-11,136
2024-01-12,137
2024-01-13,138
2024-01-14,139
2024-01-15,140
2024-01-16,141
2024-01-17,142
2024-01-18,143
2024-01-19,144
2024-01-20,145
2024-01-21,146
2024-01-22,147
2024-01-23,148
2024-01-24,149
2024-01-25,100
2024-01-26,101
2024-01-27,102
2024-01-28,103
2024-01-01,104
2024-01-02,105
2024-01-03,106
2024-01-04,107
2024-01-05,108
2024-01-06,109
2024-01-07,110
2024-01-08,111
2024-01-09,112
2024-01-10,113
2024-01-11,114
2024-01-12,115
2024-01-13,116
2024-01-14,117
2024-01-15,118
2024-01-16,119
2024-01-17,120
2024-01-18,121
2024-01-19,122
2024-01-20,123
2024-01-21,124
2024-01-22,125
2024-01-23,126
2024-01-24,127
2024-01-25,128
2024-01-26,129
2024-01-27,130
2024-01-28,131
2024-01-01,132
2024-01-02,133
2024-01-03,134
2024-01-04,135
2024-01-05,136
2024-01-06,137
2024-01-07,138
2024-01-08,139
2024-01-09,140
2024-01-10,141
2024-01-11,142
2024-01-12,143
2024-01-13,144
2024-01-14,145
2024-01-15,146
2024-01-16,147
2024-01-17,148
2024-01-18,149
2024-01-19,100
2024-01-20,101
2024-01-21,102
2024-01-22,103
2024-01-23,104
2024-01-24,105
2024-01-25,106
2024-01-26,107
2024-01-27,108
2024-01-28,109
2024-01-01,110
2024-01-02,111
2024-01-03,112
2024-01-04,113
2024-01-05,114
2024-01-06,115
2024-01-07,116
2024-01-08,117
2024-01-09,118
2024-01-10,119
2024-01-11,120
2024-01-12,121
2024-01-13,122
2024-01-14,123
2024-01-15,124
2024-01-16,125
2024-01-17,126
2024-01-18,127
2024-01-19,128
2024-01-20,129
2024-01-21,130
2024-01-22,131
2024-01-23,132
2024-01-24,133
2024-01-25,134
2024-01-26,135
2024-01-27,136
2024-01-28,137
2024-01-01,138
2024-01-02,139
2024-01-03,140
2024-01-04,141
2024-01-05,142
2024-01-06,143
2024-01-07,144
2024-01-08,145
2024-01-09,146
2024-01-10,147
2024-01-11,148
2024-01-12,149
2024-01-13,100
2024-01-14,101
2024-01-15,102
2024-01-16,103
2024-01-17,104
2024-01-18,105
2024-01-19,106
2024-01-20,107
2024-01-21,108
2024-01-22,109
2024-01-23,110
2024-01-24,111
2024-01-25,112
2024-01-26,113
2024-01-27,114
2024-01-28,115
2024-01-01,116
2024-01-02,117
2024-01-03,118
2024-01-04,119
2024-01-05,120
2024-01-06,121
2024-01-07,122
2024-01-08,123
2024-01-09,124
2024-01-10,125
2024-01-11,126
2024-01-12,127
2024-01-13,128
2024-01-14,129
2024-01-15,130
2024-01-16,131
2024-01-17,132
2024-01-18,133
2024-01-19,134
2024-01-20,135
2024-01-21,136
2024-01-22,137
2024-01-23,138
2024-01-24,139
2024-01-25,140
2024-01-26,141
2024-01-27,142
2024-01-28,143
2024-01-01,144
2024-01-02,145
2024-01-03,146
2024-01-04,147
2024-01-05,148
2024-01-06,149
2024-01-07,100
2024-01-08,101
2024-01-09,102
2024-01-10,103
2024-01-11,104
2024-01-12,105
2024-01-13,106
2024-01-14,107
2024-01-15,108
2024-01-16,109
2024-01-17,110
2024-01-18,111
2024-01-19,112
2024-01-20,113
2024-01-21,114
2024-01-22,115
2024-01-23,116
2024-01-24,117
2024-01-25,118
2024-01-26,119
2024-01-27,120
2024-01-28,121
2024-01-01,122
2024-01-02,123
2024-01-03,124
2024-01-04,125
2024-01-05,126
2024-01-06,127
2024-01-07,128
2024-01-08,129
2024-01-09,130
2024-01-10,131
2024-01-11,132
2024-01-12,133
2024-01-13,134
2024-01-14,135
2024-01-15,136
2024-01-16,137
2024-01-17,138
2024-01-18,139
2024-01-19,140
2024-01-20,141
2024-01-21,142
2024-01-22,143
2024-01-23,144
2024-01-24,145
2024-01-25,146
2024-01-26,147
2024-01-27,148
2024-01-28,149
2024-01-01,100
2024-01-02,101
2024-01-03,102
2024-01-04,103
2024-01-05,104
2024-01-06,105
2024-01-07,106
2024-01-08,107
2024-01-09,108
2024-01-10,109
2024-01-11,110
2024-01-12,111
2024-01-13,112
2024-01-14,113
2024-01-15,114
2024-01-16,115
2024-01-17,116
2024-01-18,117
2024-01-19,118
2024-01-20,119
2024-01-21,120
2024-01-22,121
2024-01-23,122
2024-01-24,123
2024-01-25,124
2024-01-26,125
2024-01-27,126
2024-01-28,127
2024-01-01,128
2024-01-02,129
2024-01-03,130
2024-01-04,131
2024-01-05,132
2024-01-06,133
2024-01-07,134
2024-01-08,135
2024-01-09,136
2024-01-10,137
2024-01-11,138
2024-01-12,139
2024-01-13,140
2024-01-14,141
2024-01-15,142
2024-01-16,143
2024-01-17,144
2024-01-18,145
2024-01-19,146
2024-01-20,147
2024-01-21,148
2024-01-22,149
2024-01-23,100
2024-01-24,101
2024-01-25,102
2024-01-26,103
2024-01-27,104
2024-01-28,105
2024-01-01,106
2024-01-02,107
2024-01-03,108
2024-01-04,109
2024-01-05,110
2024-01-06,111
2024-01-07,112
2024-01-08,113
2024-01-09,114
2024-01-10,115
2024-01-11,116
2024-01-12,117
2024-01-13,118
2024-01-14,119
2024-01-15,120
2024-01-16,121
2024-01-17,122
2024-01-18,123
2024-01-19,124
2024-01-20,125
2024-01-21,126
2024-01-22,127
2024-01-23,128
2024-01-24,129
2024-01-25,130
2024-01-26,131
2024-01-27,132
2024-01-28,133
2024-01-01,134
2024-01-02,135
2024-01-03,136
2024-01-04,137
2024-01-05,138
2024-01-06,139
2024-01-07,140
2024-01-08,141
2024-01-09,142
2024-01-10,143
2024-01-11,144
2024-01-12,145
2024-01-13,146
2024-01-14,147
2024-01-15,148
2024-01-16,149
2024-01-17,100
2024-01-18,101
2024-01-19,102
2024-01-20,103
2024-01-21,104
2024-01-22,105
2024-01-23,106
2024-01-24,107
2024-01-25,108
2024-01-26,109
2024-01-27,110
2024-01-28,111
2024-01-01,112
2024-01-02,113
2024-01-03,114
2024-01-04,115
2024-01-05,116
2024-01-06,117
2024-01-07,118
2024-01-08,119
2024-01-09,120
2024-01-10,121
2024-01-11,122
2024-01-12,123
2024-01-13,124
2024-01-14,125
2024-01-15,126
2024-01-16,127
2024-01-17,128
2024-01-18,129
2024-01-19,130
2024-01-20,131
2024-01-21,132
2024-01-22,133
2024-01-23,134
2024-01-24,135
2024-01-25,136
2024-01-26,137
2024-01-27,138
2024-01-28,139
2024-01-01,140
2024-01-02,141
2024-01-03,142
2024-01-04,143
2024-01-05,144
2024-01-06,145
2024-01-07,146
2024-01-08,147
2024-01-09,148
2024-01-10,149
2024-01-11,100
2024-01-12,101
2024-01-13,102
2024-01-14,103
2024-01-15,104
2024-01-16,105
2024-01-17,106
2024-01-18,107
2024-01-19,108
2024-01-20,109
2024-01-21,110
2024-01-22,111
2024-01-23,112
2024-01-24,113
2024-01-25,114
2024-01-26,115
2024-01-27,116
2024-01-28,117
2024-01-01,118
2024-01-02,119
2024-01-03,120
2024-01-04,121
2024-01-05,122
2024-01-06,123
2024-01-07,124
2024-01-08,125
2024-01-09,126
2024-01-10,127
2024-01-11,128
2024-01-12,129
2024-01-13,130
2024-01-14,131
2024-01-15,132
2024-01-16,133
2024-01-17,134
2024-01-18,135
2024-01-19,136
2024-01-20,137
2024-01-21,138
2024-01-22,139
2024-01-23,140
2024-01-24,141
2024-01-25,142
2024-01-26,143
2024-01-27,144
2024-01-28,145
2024-01-01,146
2024-01-02,147
2024-01-03,148
2024-01-04,149
2024-01-05,100
2024-01-06,101
2024-01-07,102
2024-01-08,103
2024-01-09,104
2024-01-10,105
2024-01-11,106
2024-01-12,107
2024-01-13,108
2024-01-14,109
2024-01-15,110
2024-01-16,111
2024-01-17,112
2024-01-18,113
2024-01-19,114
2024-01-20,115
2024-01-21,116
2024-01-22,117
2024-01-23,118
2024-01-24,119
2024-01-25,120
2024-01-26,121
2024-01-27,122
2024-01-28,123
2024-01-01,124
2024-01-02,125
2024-01-03,126
2024-01-04,127
2024-01-05,128
2024-01-06,129
2024-01-07,130
2024-01-08,131
2024-01-09,132
2024-01-10,133
2024-01-11,134
2024-01-12,135
2024-01-13,136
2024-01-14,137
2024-01-15,138
2024-01-16,139
2024-01-17,140
2024-01-18,141
2024-01-19,142
2024-01-20,143
2024-01-21,144
2024-01-22,145
2024-01-23,146
2024-01-24,147
2024-01-25,148
2024-01-26,149
2024-01-27,100
2024-01-28,101
2024-01-01,102
2024-01-02,103
2024-01-03,104
2024-01-04,105
2024-01-05,106
2024-01-06,107
2024-01-07,108
2024-01-08,109
2024-01-09,110
2024-01-10,111
2024-01-11,112
2024-01-12,113
2024-01-13,114
2024-01-14,115
2024-01-15,116
2024-01-16,117
2024-01-17,118
2024-01-18,119
2024-01-19,120
2024-01-20,121
2024-01-21,122
2024-01-22,123
2024-01-23,124
2024-01-24,125
2024-01-25,126
2024-01-26,127
2024-01-27,128
2024-01-28,129
2024-01-01,130
2024-01-02,131
2024-01-03,132
2024-01-04,133
2024-01-05,134
2024-01-06,135
2024-01-07,136
2024-01-08,137
2024-01-09,138
2024-01-10,139
2024-01-11,140
2024-01-12,141
2024-01-13,142
2024-01-14,143
2024-01-15,144
2024-01-16,145
2024-01-17,146
2024-01-18,147
2024-01-19,148
2024-01-20,149